Date,Open,High,Low,Close,Volume,Dividends,Stock Splits
2020-03-20,1483.5,1484.0,1483.5,1484.0,14.0,0.0,0.0
2020-03-21,1490.7666829427083,1511.6666666666667,1485.7333170572917,1511.6666666666667,26.333333333333336,0.0,0.0
2020-03-22,1498.0333658854167,1539.3333333333333,1487.9666341145833,1539.3333333333333,38.66666666666667,0.0,0.0
2020-03-23,1505.300048828125,1567.0,1490.199951171875,1567.0,51.0,0.0,0.0
2020-03-24,1592.699951171875,1685.5,1592.699951171875,1660.199951171875,442.0,0.0,0.0
2020-03-25,1676.5,1676.5,1631.0999755859375,1632.300048828125,476.0,0.0,0.0
2020-03-26,1660.5,1660.5,1650.0999755859375,1650.0999755859375,3.0,0.0,0.0
2020-03-27,1623.9000244140625,1623.9000244140625,1623.9000244140625,1623.9000244140625,100638.0,0.0,0.0
2020-03-28,1629.6666666666667,1633.5333658854167,1618.3333333333333,1623.2666829427083,72555.0,0.0,0.0
2020-03-29,1635.4333089192708,1643.1667073567708,1612.7666422526042,1622.6333414713542,44472.0,0.0,0.0
2020-03-30,1641.199951171875,1652.800048828125,1607.199951171875,1622.0,16389.0,0.0,0.0
2020-03-31,1618.699951171875,1621.0,1576.0,1583.4000244140625,2874.0,0.0,0.0
2020-04-01,1570.0,1600.0,1570.0,1578.199951171875,2158.0,0.0,0.0
2020-04-02,1590.9000244140625,1631.199951171875,1586.0,1625.699951171875,1294.0,0.0,0.0
2020-04-03,1624.5,1636.0,1619.800048828125,1633.699951171875,643.0,0.0,0.0
2020-04-04,1626.0333251953125,1656.2333170572917,1621.8333740234375,1648.13330078125,783.0,0.0,0.0
2020-04-05,1627.566650390625,1676.4666341145833,1623.86669921875,1662.566650390625,923.0,0.0,0.0
2020-04-06,1629.0999755859375,1696.699951171875,1625.9000244140625,1677.0,1063.0,0.0,0.0
2020-04-07,1695.699951171875,1724.4000244140625,1658.0,1664.800048828125,1144.0,0.0,0.0
2020-04-08,1669.699951171875,1677.0,1662.5,1665.4000244140625,747.0,0.0,0.0
2020-04-09,1662.699951171875,1736.199951171875,1662.699951171875,1736.199951171875,825.0,0.0,0.0
2020-04-10,1677.5249633789062,1741.3499755859375,1674.699951171875,1738.3499755859375,792.75,0.0,0.0
2020-04-11,1692.3499755859375,1746.5,1686.699951171875,1740.5,760.5,0.0,0.0
2020-04-12,1707.1749877929688,1751.6500244140625,1698.699951171875,1742.6500244140625,728.25,0.0,0.0
2020-04-13,1722.0,1756.800048828125,1710.699951171875,1744.800048828125,696.0,0.0,0.0
2020-04-14,1756.800048828125,1775.0,1739.5,1756.699951171875,675.0,0.0,0.0
2020-04-15,1739.4000244140625,1744.9000244140625,1722.699951171875,1727.199951171875,642.0,0.0,0.0
2020-04-16,1731.0,1750.5999755859375,1715.0,1720.4000244140625,162.0,0.0,0.0
2020-04-17,1715.699951171875,1725.0,1684.9000244140625,1689.199951171875,223.0,0.0,0.0
2020-04-18,1705.7999674479167,1717.1999918619792,1683.2666829427083,1693.3332926432292,184.0,0.0,0.0
2020-04-19,1695.8999837239583,1709.3999837239583,1681.6333414713542,1697.4666341145833,145.0,0.0,0.0
2020-04-20,1686.0,1701.5999755859375,1680.0,1701.5999755859375,106.0,0.0,0.0
2020-04-21,1697.0,1707.0999755859375,1659.9000244140625,1678.199951171875,666.0,0.0,0.0
2020-04-22,1696.0,1728.699951171875,1684.800048828125,1728.699951171875,453.0,0.0,0.0
2020-04-23,1734.0,1745.0999755859375,1733.300048828125,1733.300048828125,482.0,0.0,0.0
2020-04-24,1744.0,1744.0,1714.5,1723.5,221.0,0.0,0.0
2020-04-25,1739.9666748046875,1739.9666748046875,1713.6333414713542,1719.6333414713542,203.66666666666666,0.0,0.0
2020-04-26,1735.933349609375,1735.933349609375,1712.7666829427083,1715.7666829427083,186.33333333333334,0.0,0.0
2020-04-27,1731.9000244140625,1731.9000244140625,1711.9000244140625,1711.9000244140625,169.0,0.0,0.0
2020-04-28,1716.5999755859375,1716.5999755859375,1707.0999755859375,1710.5,1255.0,0.0,0.0
2020-04-29,1710.0,1713.5,1702.0,1703.4000244140625,373.0,0.0,0.0
2020-04-30,1719.300048828125,1719.300048828125,1680.800048828125,1684.199951171875,327.0,0.0,0.0
2020-05-01,1686.5999755859375,1701.5,1670.5,1694.5,337.0,0.0,0.0
2020-05-02,1691.9333089192708,1704.0,1680.1999918619792,1698.6333414713542,331.3333333333333,0.0,0.0
2020-05-03,1697.2666422526042,1706.5,1689.8999837239583,1702.7666829427083,325.6666666666667,0.0,0.0
2020-05-04,1702.5999755859375,1709.0,1699.5999755859375,1706.9000244140625,320.0,0.0,0.0
2020-05-05,1701.5,1704.4000244140625,1697.199951171875,1704.4000244140625,82.0,0.0,0.0
2020-05-06,1704.0,1704.0,1684.199951171875,1684.199951171875,469.0,0.0,0.0
2020-05-07,1686.199951171875,1721.800048828125,1685.5999755859375,1721.800048828125,853.0,0.0,0.0
2020-05-08,1726.199951171875,1728.9000244140625,1703.800048828125,1709.9000244140625,330.0,0.0,0.0
2020-05-09,1718.2333170572917,1720.7666829427083,1699.2666829427083,1705.0333658854167,469.66666666666663,0.0,0.0
2020-05-10,1710.2666829427083,1712.6333414713542,1694.7333170572917,1700.1667073567708,609.3333333333333,0.0,0.0
2020-05-11,1702.300048828125,1704.5,1690.199951171875,1695.300048828125,749.0,0.0,0.0
2020-05-12,1699.300048828125,1713.0999755859375,1699.300048828125,1704.4000244140625,324.0,0.0,0.0
2020-05-13,1702.0,1721.300048828125,1701.9000244140625,1713.9000244140625,431.0,0.0,0.0
2020-05-14,1724.300048828125,1743.0999755859375,1720.5,1738.0999755859375,672.0,0.0,0.0
2020-05-15,1739.699951171875,1753.4000244140625,1739.699951171875,1753.4000244140625,719.0,0.0,0.0
2020-05-16,1745.0332845052083,1759.1000162760417,1737.066650390625,1746.2000325520833,555.6666666666666,0.0,0.0
2020-05-17,1750.3666178385417,1764.8000081380208,1734.433349609375,1739.0000406901042,392.3333333333333,0.0,0.0
2020-05-18,1755.699951171875,1770.5,1731.800048828125,1731.800048828125,229.0,0.0,0.0
2020-05-19,1744.199951171875,1749.5,1744.199951171875,1744.199951171875,167.0,0.0,0.0
2020-05-20,1751.5999755859375,1752.0999755859375,1745.5999755859375,1750.5999755859375,16.0,0.0,0.0
2020-05-21,1746.800048828125,1746.800048828125,1720.5,1720.5,528.0,0.0,0.0
2020-05-22,1726.5999755859375,1734.5999755859375,1726.5999755859375,1734.5999755859375,6.0,0.0,0.0
2020-05-23,1726.5499877929688,1732.5499877929688,1721.1499938964844,1727.1499938964844,14.25,0.0,0.0
2020-05-24,1726.5,1730.5,1715.7000122070312,1719.7000122070312,22.5,0.0,0.0
2020-05-25,1726.4500122070312,1728.4500122070312,1710.2500305175781,1712.2500305175781,30.75,0.0,0.0
2020-05-26,1726.4000244140625,1726.4000244140625,1704.800048828125,1704.800048828125,39.0,0.0,0.0
2020-05-27,1685.5999755859375,1710.300048828125,1685.5999755859375,1710.300048828125,137416.0,0.0,0.0
2020-05-28,1709.300048828125,1727.800048828125,1705.0,1713.300048828125,23355.0,0.0,0.0
2020-05-29,1718.800048828125,1738.300048828125,1715.0999755859375,1736.9000244140625,1526.0,0.0,0.0
2020-05-30,1726.0000406901042,1741.2000325520833,1719.0999755859375,1737.2000325520833,1307.6666666666667,0.0,0.0
2020-05-31,1733.2000325520833,1744.1000162760417,1723.0999755859375,1737.5000406901042,1089.3333333333333,0.0,0.0
2020-06-01,1740.4000244140625,1747.0,1727.0999755859375,1737.800048828125,871.0,0.0,0.0
2020-06-02,1743.0,1745.5,1721.800048828125,1725.199951171875,741.0,0.0,0.0
2020-06-03,1726.300048828125,1726.300048828125,1684.5,1697.800048828125,2755.0,0.0,0.0
2020-06-04,1694.5,1718.9000244140625,1694.5,1718.9000244140625,807.0,0.0,0.0
2020-06-05,1711.800048828125,1711.800048828125,1668.5999755859375,1676.199951171875,1502.0,0.0,0.0
2020-06-06,1700.9000244140625,1707.6667073567708,1671.0333251953125,1683.566650390625,1197.0,0.0,0.0
2020-06-07,1690.0,1703.5333658854167,1673.4666748046875,1690.933349609375,892.0,0.0,0.0
2020-06-08,1679.0999755859375,1699.4000244140625,1675.9000244140625,1698.300048828125,587.0,0.0,0.0
2020-06-09,1694.5999755859375,1720.9000244140625,1692.0,1714.699951171875,690.0,0.0,0.0
2020-06-10,1716.0999755859375,1740.800048828125,1711.9000244140625,1713.300048828125,718.0,0.0,0.0
2020-06-11,1737.199951171875,1744.0999755859375,1720.0,1732.0,347.0,0.0,0.0
2020-06-12,1724.9000244140625,1743.0,1724.9000244140625,1729.300048828125,318.0,0.0,0.0
2020-06-13,1726.6000162760417,1738.6666666666667,1717.7000325520833,1726.300048828125,274.6666666666667,0.0,0.0
2020-06-14,1728.3000081380208,1734.3333333333333,1710.5000406901042,1723.300048828125,231.33333333333331,0.0,0.0
2020-06-15,1730.0,1730.0,1703.300048828125,1720.300048828125,188.0,0.0,0.0
2020-06-16,1726.300048828125,1729.5999755859375,1722.4000244140625,1729.5999755859375,22.0,0.0,0.0
2020-06-17,1714.699951171875,1729.199951171875,1714.699951171875,1729.199951171875,51.0,0.0,0.0
2020-06-18,1730.5,1734.0999755859375,1717.300048828125,1724.800048828125,110.0,0.0,0.0
2020-06-19,1723.699951171875,1750.699951171875,1723.5,1745.9000244140625,1329.0,0.0,0.0
2020-06-20,1734.199951171875,1756.3332926432292,1732.5,1749.5,1338.0,0.0,0.0
2020-06-21,1744.699951171875,1761.9666341145833,1741.5,1753.0999755859375,1347.0,0.0,0.0
2020-06-22,1755.199951171875,1767.5999755859375,1750.5,1756.699951171875,1356.0,0.0,0.0
2020-06-23,1755.4000244140625,1776.300048828125,1754.199951171875,1772.0999755859375,666.0,0.0,0.0
2020-06-24,1778.300048828125,1783.0999755859375,1764.5,1765.800048828125,961.0,0.0,0.0
2020-06-25,1761.699951171875,1764.800048828125,1759.800048828125,1762.0999755859375,207.0,0.0,0.0
2020-06-26,1766.0,1772.5,1764.699951171875,1772.5,640.0,0.0,0.0
2020-06-27,1770.6000162760417,1775.066650390625,1767.8999837239583,1773.2666829427083,621.3333333333334,0.0,0.0
2020-06-28,1775.2000325520833,1777.63330078125,1771.1000162760417,1774.0333658854167,602.6666666666666,0.0,0.0
2020-06-29,1779.800048828125,1780.199951171875,1774.300048828125,1774.800048828125,584.0,0.0,0.0
2020-06-30,1777.300048828125,1793.199951171875,1774.4000244140625,1793.0,986.0,0.0,0.0
2020-07-01,1793.5999755859375,1798.0,1765.800048828125,1773.199951171875,331.0,0.0,0.0
2020-07-02,1773.4000244140625,1784.0,1768.699951171875,1784.0,215.0,0.0,0.0
2020-07-03,1777.1000061035156,1785.5249938964844,1773.574951171875,1785.125,204.25,0.0,0.0
2020-07-04,1780.7999877929688,1787.0499877929688,1778.449951171875,1786.25,193.5,0.0,0.0
2020-07-05,1784.4999694824219,1788.5749816894531,1783.324951171875,1787.375,182.75,0.0,0.0
2020-07-06,1788.199951171875,1790.0999755859375,1788.199951171875,1788.5,172.0,0.0,0.0
2020-07-07,1789.300048828125,1804.199951171875,1783.300048828125,1804.199951171875,751.0,0.0,0.0
2020-07-08,1801.5,1817.9000244140625,1801.5,1815.5,209.0,0.0,0.0
2020-07-09,1816.0999755859375,1819.800048828125,1799.199951171875,1799.199951171875,396.0,0.0,0.0
2020-07-10,1805.5,1805.5,1797.699951171875,1798.199951171875,236.0,0.0,0.0
2020-07-11,1805.3333333333333,1807.3333333333333,1800.13330078125,1802.4666341145833,212.0,0.0,0.0
2020-07-12,1805.1666666666667,1809.1666666666667,1802.566650390625,1806.7333170572917,188.0,0.0,0.0
2020-07-13,1805.0,1811.0,1805.0,1811.0,164.0,0.0,0.0
2020-07-14,1791.0,1811.5,1791.0,1810.5999755859375,339.0,0.0,0.0
2020-07-15,1806.0999755859375,1813.5,1806.0999755859375,1811.4000244140625,167.0,0.0,0.0
2020-07-16,1810.9000244140625,1810.9000244140625,1794.300048828125,1798.699951171875,146.0,0.0,0.0
2020-07-17,1798.5,1810.0999755859375,1798.5,1808.300048828125,24.0,0.0,0.0
2020-07-18,1801.3333333333333,1812.5,1801.3333333333333,1810.8333740234375,45.66666666666667,0.0,0.0
2020-07-19,1804.1666666666667,1814.9000244140625,1804.1666666666667,1813.36669921875,67.33333333333334,0.0,0.0
2020-07-20,1807.0,1817.300048828125,1807.0,1815.9000244140625,89.0,0.0,0.0
2020-07-21,1822.0,1842.4000244140625,1822.0,1842.4000244140625,117.0,0.0,0.0
2020-07-22,1858.0999755859375,1867.0,1854.699951171875,1864.0999755859375,213.0,0.0,0.0
2020-07-23,1868.699951171875,1890.300048828125,1868.5,1889.0999755859375,133.0,0.0,0.0
2020-07-24,1884.300048828125,1897.300048828125,1884.300048828125,1897.300048828125,474.0,0.0,0.0
2020-07-25,1890.1000162760417,1910.86669921875,1890.0333658854167,1908.5333658854167,437.3333333333333,0.0,0.0
2020-07-26,1895.8999837239583,1924.433349609375,1895.7666829427083,1919.7666829427083,400.6666666666667,0.0,0.0
2020-07-27,1901.699951171875,1938.0,1901.5,1931.0,364.0,0.0,0.0
2020-07-28,1931.5,1944.699951171875,1928.5999755859375,1944.699951171875,825.0,0.0,0.0
2020-07-29,1953.199951171875,1953.5,1952.5999755859375,1953.5,209835.0,0.0,0.0
2020-07-30,1963.4000244140625,1965.0999755859375,1930.0,1942.300048828125,28853.0,0.0,0.0
2020-07-31,1948.5999755859375,1981.0999755859375,1948.0,1962.800048828125,2914.0,0.0,0.0
2020-08-01,1960.5,1982.1666666666667,1950.5,1963.86669921875,2170.3333333333335,0.0,0.0
2020-08-02,1972.4000244140625,1983.2333577473958,1953.0,1964.933349609375,1426.6666666666667,0.0,0.0
2020-08-03,1984.300048828125,1984.300048828125,1955.5,1966.0,683.0,0.0,0.0
2020-08-04,1971.0,2016.199951171875,1968.800048828125,2001.199951171875,2010.0,0.0,0.0
2020-08-05,2024.0,2050.199951171875,2011.0,2031.0999755859375,1422.0,0.0,0.0
2020-08-06,2045.5,2063.0,2040.0,2051.5,294.0,0.0,0.0
2020-08-07,2040.0999755859375,2055.0,2009.5999755859375,2010.0999755859375,808.0,0.0,0.0
2020-08-08,2035.5333251953125,2051.2666829427085,2012.2333170572917,2014.8666585286458,616.3333333333334,0.0,0.0
2020-08-09,2030.9666748046875,2047.5333658854167,2014.8666585286458,2019.6333414713542,424.6666666666667,0.0,0.0
2020-08-10,2026.4000244140625,2043.800048828125,2017.5,2024.4000244140625,233.0,0.0,0.0
2020-08-11,2012.4000244140625,2016.0,1904.0,1932.5999755859375,971.0,0.0,0.0
2020-08-12,1923.0,1946.5999755859375,1871.5999755859375,1934.9000244140625,404.0,0.0,0.0
2020-08-13,1921.5,1957.4000244140625,1916.9000244140625,1956.699951171875,71.0,0.0,0.0
2020-08-14,1938.699951171875,1947.4000244140625,1937.0,1937.0,201.0,0.0,0.0
2020-08-15,1942.3332926432292,1959.933349609375,1941.1999918619792,1953.0,166.33333333333334,0.0,0.0
2020-08-16,1945.9666341145833,1972.4666748046875,1945.3999837239583,1969.0,131.66666666666669,0.0,0.0
2020-08-17,1949.5999755859375,1985.0,1949.5999755859375,1985.0,97.0,0.0,0.0
2020-08-18,2001.0999755859375,2002.800048828125,1972.0999755859375,1999.4000244140625,92.0,0.0,0.0
2020-08-19,1980.0,1980.0,1938.699951171875,1958.699951171875,347.0,0.0,0.0
2020-08-20,1941.199951171875,1948.300048828125,1922.300048828125,1933.800048828125,106.0,0.0,0.0
2020-08-21,1941.0,1945.0,1908.9000244140625,1934.5999755859375,184.0,0.0,0.0
2020-08-22,1937.3999837239583,1943.3333333333333,1913.3333333333333,1932.2999674479167,151.0,0.0,0.0
2020-08-23,1933.7999674479167,1941.6666666666667,1917.7666422526042,1929.9999593098958,118.0,0.0,0.0
2020-08-24,1930.199951171875,1940.0,1922.199951171875,1927.699951171875,85.0,0.0,0.0
2020-08-25,1927.5,1928.5,1911.800048828125,1911.800048828125,176.0,0.0,0.0
2020-08-26,1909.699951171875,1950.800048828125,1909.699951171875,1940.699951171875,287.0,0.0,0.0
2020-08-27,1948.9000244140625,1972.5,1921.5999755859375,1921.5999755859375,2303.0,0.0,0.0
2020-08-28,1927.0999755859375,1971.300048828125,1922.5,1964.5999755859375,778.0,0.0,0.0
2020-08-29,1941.3999837239583,1971.300048828125,1932.7666829427083,1965.5999755859375,571.3333333333334,0.0,0.0
2020-08-30,1955.6999918619792,1971.300048828125,1943.0333658854167,1966.5999755859375,364.6666666666667,0.0,0.0
2020-08-31,1970.0,1971.300048828125,1953.300048828125,1967.5999755859375,158.0,0.0,0.0
2020-09-01,1961.699951171875,1986.300048828125,1961.699951171875,1968.199951171875,186.0,0.0,0.0
2020-09-02,1967.300048828125,1967.300048828125,1934.4000244140625,1934.4000244140625,71.0,0.0,0.0
2020-09-03,1937.0999755859375,1938.800048828125,1923.0,1927.5999755859375,179.0,0.0,0.0
2020-09-04,1927.9000244140625,1939.699951171875,1917.699951171875,1923.9000244140625,607.0,0.0,0.0
2020-09-05,1928.6500244140625,1939.2499694824219,1914.0499572753906,1926.1750183105469,523.0,0.0,0.0
2020-09-06,1929.4000244140625,1938.7999877929688,1910.3999633789062,1928.4500122070312,439.0,0.0,0.0
2020-09-07,1930.1500244140625,1938.3500061035156,1906.7499694824219,1930.7250061035156,355.0,0.0,0.0
2020-09-08,1930.9000244140625,1937.9000244140625,1903.0999755859375,1933.0,271.0,0.0,0.0
2020-09-09,1926.9000244140625,1946.199951171875,1924.5999755859375,1944.699951171875,219.0,0.0,0.0
2020-09-10,1944.0999755859375,1962.699951171875,1944.0999755859375,1954.199951171875,722.0,0.0,0.0
2020-09-11,1944.0,1949.5,1937.800048828125,1937.800048828125,73.0,0.0,0.0
2020-09-12,1944.7666829427083,1950.6999918619792,1939.5333658854167,1942.9000244140625,67.0,0.0,0.0
2020-09-13,1945.5333658854167,1951.8999837239583,1941.2666829427083,1948.0,61.0,0.0,0.0
2020-09-14,1946.300048828125,1953.0999755859375,1943.0,1953.0999755859375,55.0,0.0,0.0
2020-09-15,1955.800048828125,1968.5,1955.800048828125,1956.300048828125,74.0,0.0,0.0
2020-09-16,1961.300048828125,1961.4000244140625,1956.699951171875,1960.199951171875,124.0,0.0,0.0
2020-09-17,1939.0,1946.0,1933.699951171875,1940.0,67.0,0.0,0.0
2020-09-18,1950.5,1952.0999755859375,1949.0,1952.0999755859375,38.0,0.0,0.0
2020-09-19,1949.066650390625,1950.13330078125,1927.1333414713542,1935.13330078125,42.666666666666664,0.0,0.0
2020-09-20,1947.63330078125,1948.1666259765625,1905.2666829427083,1918.1666259765625,47.333333333333336,0.0,0.0
2020-09-21,1946.199951171875,1946.199951171875,1883.4000244140625,1901.199951171875,52.0,0.0,0.0
2020-09-22,1913.0999755859375,1913.0999755859375,1898.5999755859375,1898.5999755859375,331.0,0.0,0.0
2020-09-23,1875.5,1875.5,1859.9000244140625,1859.9000244140625,5.0,0.0,0.0
2020-09-24,1851.5,1868.300048828125,1851.5,1868.300048828125,365.0,0.0,0.0
2020-09-25,1856.300048828125,1857.699951171875,1856.300048828125,1857.699951171875,4.0,0.0,0.0
2020-09-26,1861.800048828125,1862.7333170572917,1861.800048828125,1862.7333170572917,3487.6666666666665,0.0,0.0
2020-09-27,1867.300048828125,1867.7666829427083,1867.300048828125,1867.7666829427083,6971.333333333333,0.0,0.0
2020-09-28,1872.800048828125,1872.800048828125,1872.800048828125,1872.800048828125,10455.0,0.0,0.0
2020-09-29,1876.5,1895.4000244140625,1872.4000244140625,1894.300048828125,3283.0,0.0,0.0
2020-09-30,1893.0,1899.699951171875,1879.800048828125,1887.5,600.0,0.0,0.0
2020-10-01,1884.0999755859375,1909.5999755859375,1882.5,1908.4000244140625,730.0,0.0,0.0
2020-10-02,1893.9000244140625,1913.0,1893.9000244140625,1900.199951171875,530.0,0.0,0.0
2020-10-03,1895.5666910807292,1913.8666585286458,1890.8333333333333,1904.2999674479167,806.6666666666667,0.0,0.0
2020-10-04,1897.2333577473958,1914.7333170572917,1887.7666422526042,1908.3999837239583,1083.3333333333335,0.0,0.0
2020-10-05,1898.9000244140625,1915.5999755859375,1884.699951171875,1912.5,1360.0,0.0,0.0
2020-10-06,1906.5999755859375,1918.0,1874.4000244140625,1901.0999755859375,968.0,0.0,0.0
2020-10-07,1874.0999755859375,1889.800048828125,1873.0999755859375,1883.5999755859375,50.0,0.0,0.0
2020-10-08,1893.0,1893.0,1882.699951171875,1888.5999755859375,348.0,0.0,0.0
2020-10-09,1909.300048828125,1929.0999755859375,1905.0999755859375,1919.5,580.0,0.0,0.0
2020-10-10,1914.2000325520833,1928.2333170572917,1910.5999755859375,1920.5,418.66666666666663,0.0,0.0
2020-10-11,1919.1000162760417,1927.3666585286458,1916.0999755859375,1921.5,257.3333333333333,0.0,0.0
2020-10-12,1924.0,1926.5,1921.5999755859375,1922.5,96.0,0.0,0.0
2020-10-13,1921.9000244140625,1922.199951171875,1887.0,1888.5,191.0,0.0,0.0
2020-10-14,1889.699951171875,1910.800048828125,1882.5,1901.300048828125,33.0,0.0,0.0
2020-10-15,1897.300048828125,1906.300048828125,1889.5999755859375,1903.199951171875,254.0,0.0,0.0
2020-10-16,1898.5,1900.800048828125,1898.5,1900.800048828125,53.0,0.0,0.0
2020-10-17,1901.433349609375,1903.1333821614583,1898.8333333333333,1902.6667073567708,49.666666666666664,0.0,0.0
2020-10-18,1904.36669921875,1905.4667154947917,1899.1666666666667,1904.5333658854167,46.333333333333336,0.0,0.0
2020-10-19,1907.300048828125,1907.800048828125,1899.5,1906.4000244140625,43.0,0.0,0.0
2020-10-20,1901.300048828125,1910.4000244140625,1896.0999755859375,1910.4000244140625,329.0,0.0,0.0
2020-10-21,1913.5999755859375,1927.300048828125,1913.5999755859375,1924.5999755859375,1202.0,0.0,0.0
2020-10-22,1924.300048828125,1924.300048828125,1898.199951171875,1901.0999755859375,899.0,0.0,0.0
2020-10-23,1899.9000244140625,1913.300048828125,1896.199951171875,1902.0,287.0,0.0,0.0
2020-10-24,1898.433349609375,1911.2000325520833,1895.2999674479167,1902.2333170572917,272.0,0.0,0.0
2020-10-25,1896.9666748046875,1909.1000162760417,1894.3999837239583,1902.4666341145833,257.0,0.0,0.0
2020-10-26,1895.5,1907.0,1893.5,1902.699951171875,242.0,0.0,0.0
2020-10-27,1904.5999755859375,1908.800048828125,1904.4000244140625,1908.800048828125,176.0,0.0,0.0
2020-10-28,1870.9000244140625,1876.199951171875,1870.9000244140625,1876.199951171875,277.0,0.0,0.0
2020-10-29,1876.0999755859375,1879.800048828125,1858.800048828125,1865.5999755859375,240.0,0.0,0.0
2020-10-30,1862.800048828125,1886.5999755859375,1862.800048828125,1877.4000244140625,725.0,0.0,0.0
2020-10-31,1866.1667073567708,1889.2999674479167,1866.1667073567708,1881.7333577473958,546.6666666666666,0.0,0.0
2020-11-01,1869.5333658854167,1891.9999593098958,1869.5333658854167,1886.0666910807292,368.3333333333333,0.0,0.0
2020-11-02,1872.9000244140625,1894.699951171875,1872.9000244140625,1890.4000244140625,190.0,0.0,0.0
2020-11-03,1891.5,1908.5,1891.5,1908.5,712.0,0.0,0.0
2020-11-04,1893.800048828125,1907.0,1885.300048828125,1894.5999755859375,782.0,0.0,0.0
2020-11-05,1901.699951171875,1948.0,1901.699951171875,1945.300048828125,135.0,0.0,0.0
2020-11-06,1940.800048828125,1958.800048828125,1940.800048828125,1950.300048828125,304.0,0.0,0.0
2020-11-07,1945.7333577473958,1960.2666829427083,1909.5666910807292,1917.933349609375,451.0,0.0,0.0
2020-11-08,1950.6666666666667,1961.7333170572917,1878.3333333333333,1885.566650390625,598.0,0.0,0.0
2020-11-09,1955.5999755859375,1963.199951171875,1847.0999755859375,1853.199951171875,745.0,0.0,0.0
2020-11-10,1879.300048828125,1885.300048828125,1871.199951171875,1875.4000244140625,276.0,0.0,0.0
2020-11-11,1878.800048828125,1878.800048828125,1855.5,1860.699951171875,222.0,0.0,0.0
2020-11-12,1869.0,1878.5,1866.5999755859375,1872.5999755859375,220.0,0.0,0.0
2020-11-13,1877.0,1890.0999755859375,1876.800048828125,1885.699951171875,240.0,0.0,0.0
2020-11-14,1876.1999918619792,1889.1666666666667,1874.86669921875,1886.2333170572917,162.0,0.0,0.0
2020-11-15,1875.3999837239583,1888.2333577473958,1872.933349609375,1886.7666829427083,84.0,0.0,0.0
2020-11-16,1874.5999755859375,1887.300048828125,1871.0,1887.300048828125,6.0,0.0,0.0
2020-11-17,1888.4000244140625,1888.4000244140625,1884.5,1884.5,59.0,0.0,0.0
2020-11-18,1873.5,1873.5,1873.5,1873.5,152.0,0.0,0.0
2020-11-19,1865.800048828125,1865.800048828125,1856.0,1861.0999755859375,59.0,0.0,0.0
2020-11-20,1871.199951171875,1872.5999755859375,1871.199951171875,1872.5999755859375,1900.0,0.0,0.0
2020-11-21,1859.066650390625,1861.0,1857.199951171875,1861.0,1547.6666666666667,0.0,0.0
2020-11-22,1846.933349609375,1849.4000244140625,1843.199951171875,1849.4000244140625,1195.3333333333335,0.0,0.0
2020-11-23,1834.800048828125,1837.800048828125,1829.199951171875,1837.800048828125,843.0,0.0,0.0
2020-11-24,1829.300048828125,1829.300048828125,1799.300048828125,1804.800048828125,1041.0,0.0,0.0
2020-11-25,1801.4000244140625,1805.699951171875,1801.4000244140625,1805.699951171875,205754.0,0.0,0.0
2020-11-26,1803.75,1811.3499755859375,1786.0499877929688,1793.7999877929688,138779.0,0.0,0.0
2020-11-27,1806.0999755859375,1817.0,1770.699951171875,1781.9000244140625,71804.0,0.0,0.0
2020-11-28,1799.066650390625,1807.066650390625,1767.8999837239583,1779.8333333333333,48917.66666666667,0.0,0.0
2020-11-29,1792.0333251953125,1797.13330078125,1765.1000162760417,1777.7666422526042,26031.333333333336,0.0,0.0
2020-11-30,1785.0,1787.199951171875,1762.300048828125,1775.699951171875,3145.0,0.0,0.0
2020-12-01,1775.0,1815.9000244140625,1774.9000244140625,1814.0999755859375,1859.0,0.0,0.0
2020-12-02,1811.300048828125,1830.0,1807.800048828125,1825.699951171875,771.0,0.0,0.0
2020-12-03,1829.199951171875,1842.0,1825.300048828125,1836.800048828125,1765.0,0.0,0.0
2020-12-04,1840.699951171875,1847.5999755859375,1828.199951171875,1835.9000244140625,1213.0,0.0,0.0
2020-12-05,1839.2999674479167,1854.0333251953125,1825.7333170572917,1844.5333658854167,1284.3333333333333,0.0,0.0
2020-12-06,1837.8999837239583,1860.4666748046875,1823.2666829427083,1853.1667073567708,1355.6666666666667,0.0,0.0
2020-12-07,1836.5,1866.9000244140625,1820.800048828125,1861.800048828125,1427.0,0.0,0.0
2020-12-08,1863.0,1875.800048828125,1861.800048828125,1870.800048828125,121.0,0.0,0.0
2020-12-09,1867.0999755859375,1867.0999755859375,1827.0,1834.5999755859375,215.0,0.0,0.0
2020-12-10,1833.199951171875,1849.0999755859375,1828.0,1833.5999755859375,177.0,0.0,0.0
2020-12-11,1838.5,1846.0,1829.0999755859375,1839.800048828125,109.0,0.0,0.0
2020-12-12,1837.5,1842.566650390625,1826.9666341145833,1836.1000162760417,158.66666666666666,0.0,0.0
2020-12-13,1836.5,1839.13330078125,1824.8332926432292,1832.3999837239583,208.33333333333331,0.0,0.0
2020-12-14,1835.5,1835.699951171875,1822.699951171875,1828.699951171875,258.0,0.0,0.0
2020-12-15,1833.5,1853.5999755859375,1833.199951171875,1852.300048828125,961.0,0.0,0.0
2020-12-16,1856.5,1864.699951171875,1850.5,1856.0999755859375,1090.0,0.0,0.0
2020-12-17,1874.199951171875,1896.199951171875,1874.199951171875,1887.199951171875,414.0,0.0,0.0
2020-12-18,1882.4000244140625,1889.5,1882.300048828125,1885.699951171875,276.0,0.0,0.0
2020-12-19,1883.2000325520833,1895.6666666666667,1877.9000244140625,1883.5332845052083,229.33333333333334,0.0,0.0
2020-12-20,1884.0000406901042,1901.8333333333333,1873.5,1881.3666178385417,182.66666666666669,0.0,0.0
2020-12-21,1884.800048828125,1908.0,1869.0999755859375,1879.199951171875,136.0,0.0,0.0
2020-12-22,1882.199951171875,1882.199951171875,1861.0,1866.5999755859375,233.0,0.0,0.0
2020-12-23,1867.0,1878.800048828125,1864.5,1874.699951171875,82.0,0.0,0.0
2020-12-24,1877.300048828125,1879.9000244140625,1875.699951171875,1879.9000244140625,46.0,0.0,0.0
2020-12-25,1881.8500366210938,1883.8750305175781,1875.199951171875,1879.2250061035156,53.25,0.0,0.0
2020-12-26,1886.4000244140625,1887.8500366210938,1874.699951171875,1878.5499877929688,60.5,0.0,0.0
2020-12-27,1890.9500122070312,1891.8250427246094,1874.199951171875,1877.8749694824219,67.75,0.0,0.0
2020-12-28,1895.5,1895.800048828125,1873.699951171875,1877.199951171875,75.0,0.0,0.0
2020-12-29,1881.300048828125,1881.300048828125,1879.699951171875,1879.699951171875,343.0,0.0,0.0
2020-12-30,1879.9000244140625,1895.800048828125,1877.300048828125,1891.0,444.0,0.0,0.0
2020-12-31,1897.0,1901.300048828125,1892.699951171875,1893.0999755859375,127.0,0.0,0.0
2021-01-01,1900.7999877929688,1912.2500305175781,1897.574951171875,1905.9999694824219,133.75,0.0,0.0
2021-01-02,1904.5999755859375,1923.2000122070312,1902.449951171875,1918.8999633789062,140.5,0.0,0.0
2021-01-03,1908.3999633789062,1934.1499938964844,1907.324951171875,1931.7999572753906,147.25,0.0,0.0
2021-01-04,1912.199951171875,1945.0999755859375,1912.199951171875,1944.699951171875,154.0,0.0,0.0
2021-01-05,1941.699951171875,1952.699951171875,1941.300048828125,1952.699951171875,113.0,0.0,0.0
2021-01-06,1952.0,1959.9000244140625,1901.5,1906.9000244140625,331.0,0.0,0.0
2021-01-07,1922.5999755859375,1926.699951171875,1912.0,1912.300048828125,122.0,0.0,0.0
2021-01-08,1908.0,1908.0,1834.0999755859375,1834.0999755859375,60.0,0.0,0.0
2021-01-09,1880.8333333333333,1888.5333251953125,1831.566650390625,1839.2666422526042,46.666666666666664,0.0,0.0
2021-01-10,1853.6666666666667,1869.066650390625,1829.0333251953125,1844.4333089192708,33.33333333333333,0.0,0.0
2021-01-11,1826.5,1849.5999755859375,1826.5,1849.5999755859375,20.0,0.0,0.0
2021-01-12,1849.0,1859.699951171875,1839.4000244140625,1842.9000244140625,176.0,0.0,0.0
2021-01-13,1858.0,1858.5999755859375,1853.5999755859375,1853.5999755859375,189.0,0.0,0.0
2021-01-14,1836.699951171875,1850.699951171875,1836.699951171875,1850.300048828125,149.0,0.0,0.0
2021-01-15,1829.4000244140625,1829.4000244140625,1825.0,1829.300048828125,31.0,0.0,0.0
2021-01-16,1822.5500183105469,1832.7750244140625,1819.25,1831.8500366210938,26.5,0.0,0.0
2021-01-17,1815.7000122070312,1836.1500244140625,1813.5,1834.4000244140625,22.0,0.0,0.0
2021-01-18,1808.8500061035156,1839.5250244140625,1807.75,1836.9500122070312,17.5,0.0,0.0
2021-01-19,1802.0,1842.9000244140625,1802.0,1839.5,13.0,0.0,0.0
2021-01-20,1847.800048828125,1866.5999755859375,1844.4000244140625,1865.9000244140625,16.0,0.0,0.0
2021-01-21,1865.300048828125,1868.0,1865.300048828125,1865.300048828125,6.0,0.0,0.0
2021-01-22,1854.9000244140625,1855.699951171875,1852.699951171875,1855.699951171875,8.0,0.0,0.0
2021-01-23,1858.1666666666667,1858.699951171875,1852.3999837239583,1855.4333089192708,14.0,0.0,0.0
2021-01-24,1861.4333089192708,1861.699951171875,1852.1000162760417,1855.1666666666667,20.0,0.0,0.0
2021-01-25,1864.699951171875,1864.699951171875,1851.800048828125,1854.9000244140625,26.0,0.0,0.0
2021-01-26,1855.800048828125,1855.800048828125,1850.699951171875,1850.699951171875,59.0,0.0,0.0
2021-01-27,1844.9000244140625,1844.9000244140625,1844.9000244140625,1844.9000244140625,195540.0,0.0,0.0
2021-01-28,1843.4000244140625,1862.9000244140625,1831.5,1837.9000244140625,27283.0,0.0,0.0
2021-01-29,1842.0,1876.0,1838.699951171875,1847.300048828125,1634.0,0.0,0.0
2021-01-30,1850.1999918619792,1874.6333414713542,1842.4666341145833,1851.800048828125,1587.3333333333333,0.0,0.0
2021-01-31,1858.3999837239583,1873.2666829427083,1846.2333170572917,1856.300048828125,1540.6666666666667,0.0,0.0
2021-02-01,1866.5999755859375,1871.9000244140625,1850.0,1860.800048828125,1494.0,0.0,0.0
2021-02-02,1859.5999755859375,1861.300048828125,1827.5999755859375,1830.5,1293.0,0.0,0.0
2021-02-03,1834.800048828125,1842.4000244140625,1829.800048828125,1832.199951171875,1195.0,0.0,0.0
2021-02-04,1832.199951171875,1832.199951171875,1782.800048828125,1788.9000244140625,2375.0,0.0,0.0
2021-02-05,1794.300048828125,1813.5,1790.9000244140625,1810.9000244140625,1278.0,0.0,0.0
2021-02-06,1801.6333821614583,1821.2333170572917,1796.933349609375,1817.9000244140625,936.6666666666667,0.0,0.0
2021-02-07,1808.9667154947917,1828.9666341145833,1802.9666748046875,1824.9000244140625,595.3333333333334,0.0,0.0
2021-02-08,1816.300048828125,1836.699951171875,1809.0,1831.9000244140625,254.0,0.0,0.0
2021-02-09,1841.9000244140625,1843.300048828125,1830.699951171875,1835.300048828125,184.0,0.0,0.0
2021-02-10,1842.5999755859375,1851.0999755859375,1837.0,1840.5999755859375,543.0,0.0,0.0
2021-02-11,1840.5,1845.0,1820.9000244140625,1824.9000244140625,602.0,0.0,0.0
2021-02-12,1825.0,1827.5,1809.199951171875,1821.5999755859375,259.0,0.0,0.0
2021-02-13,1823.9750061035156,1826.4750061035156,1803.7249755859375,1815.4999694824219,479.5,0.0,0.0
2021-02-14,1822.9500122070312,1825.4500122070312,1798.25,1809.3999633789062,700.0,0.0,0.0
2021-02-15,1821.9250183105469,1824.4250183105469,1792.7750244140625,1803.2999572753906,920.5,0.0,0.0
2021-02-16,1820.9000244140625,1823.4000244140625,1787.300048828125,1797.199951171875,1141.0,0.0,0.0
2021-02-17,1785.800048828125,1789.699951171875,1768.800048828125,1771.0999755859375,614.0,0.0,0.0
2021-02-18,1776.0999755859375,1784.5999755859375,1766.0,1773.4000244140625,587.0,0.0,0.0
2021-02-19,1764.300048828125,1787.5999755859375,1764.300048828125,1775.800048828125,118.0,0.0,0.0
2021-02-20,1770.86669921875,1794.3333333333333,1770.86669921875,1786.1000162760417,133.66666666666666,0.0,0.0
2021-02-21,1777.433349609375,1801.0666910807292,1777.433349609375,1796.3999837239583,149.33333333333334,0.0,0.0
2021-02-22,1784.0,1807.800048828125,1784.0,1806.699951171875,165.0,0.0,0.0
2021-02-23,1809.5999755859375,1811.300048828125,1796.4000244140625,1804.4000244140625,569.0,0.0,0.0
2021-02-24,1805.800048828125,1805.800048828125,1796.4000244140625,1796.4000244140625,1500.0,0.0,0.0
2021-02-25,1801.5,1802.0,1766.699951171875,1774.4000244140625,1049.0,0.0,0.0
2021-02-26,1768.0999755859375,1768.199951171875,1718.800048828125,1728.0999755859375,1593.0,0.0,0.0
2021-02-27,1757.7666422526042,1761.13330078125,1719.300048828125,1726.2333170572917,1197.6666666666667,0.0,0.0
2021-02-28,1747.4333089192708,1754.066650390625,1719.800048828125,1724.3666585286458,802.3333333333334,0.0,0.0
2021-03-01,1737.0999755859375,1747.0,1720.300048828125,1722.5,407.0,0.0,0.0
2021-03-02,1709.4000244140625,1733.0999755859375,1708.699951171875,1733.0999755859375,867.0,0.0,0.0
2021-03-03,1730.0,1732.4000244140625,1703.5,1715.300048828125,501.0,0.0,0.0
2021-03-04,1706.5,1717.4000244140625,1700.199951171875,1700.199951171875,521.0,0.0,0.0
2021-03-05,1690.5999755859375,1701.0,1685.0,1698.0,302.0,0.0,0.0
2021-03-06,1695.2999674479167,1702.4666748046875,1681.2333170572917,1691.2333170572917,631.3333333333333,0.0,0.0
2021-03-07,1699.9999593098958,1703.933349609375,1677.4666341145833,1684.4666341145833,960.6666666666666,0.0,0.0
2021-03-08,1704.699951171875,1705.4000244140625,1673.699951171875,1677.699951171875,1290.0,0.0,0.0
2021-03-09,1686.199951171875,1717.5,1685.199951171875,1716.5999755859375,335.0,0.0,0.0
2021-03-10,1713.5999755859375,1722.9000244140625,1711.0,1721.5,412.0,0.0,0.0
2021-03-11,1725.5999755859375,1737.5,1720.199951171875,1722.300048828125,18.0,0.0,0.0
2021-03-12,1715.9000244140625,1722.5,1699.0,1719.5,80.0,0.0,0.0
2021-03-13,1720.433349609375,1725.6333414713542,1706.933349609375,1722.6333414713542,102.33333333333333,0.0,0.0
2021-03-14,1724.9666748046875,1728.7666829427083,1714.86669921875,1725.7666829427083,124.66666666666666,0.0,0.0
2021-03-15,1729.5,1731.9000244140625,1722.800048828125,1728.9000244140625,147.0,0.0,0.0
2021-03-16,1732.300048828125,1733.9000244140625,1726.0,1730.5999755859375,729.0,0.0,0.0
2021-03-17,1735.300048828125,1750.0999755859375,1725.5999755859375,1726.800048828125,488.0,0.0,0.0
2021-03-18,1745.800048828125,1750.300048828125,1721.800048828125,1732.199951171875,138.0,0.0,0.0
2021-03-19,1742.199951171875,1742.199951171875,1733.5999755859375,1741.4000244140625,13.0,0.0,0.0
2021-03-20,1740.7333170572917,1740.7333170572917,1735.0,1740.2000325520833,25.666666666666664,0.0,0.0
2021-03-21,1739.2666829427083,1739.2666829427083,1736.4000244140625,1739.0000406901042,38.33333333333333,0.0,0.0
2021-03-22,1737.800048828125,1737.800048828125,1737.800048828125,1737.800048828125,51.0,0.0,0.0
2021-03-23,1724.699951171875,1724.699951171875,1724.699951171875,1724.699951171875,6.0,0.0,0.0
2021-03-24,1727.5,1732.9000244140625,1727.5,1732.9000244140625,26.0,0.0,0.0
2021-03-25,1732.699951171875,1733.199951171875,1724.5,1724.9000244140625,15.0,0.0,0.0
2021-03-26,1721.300048828125,1732.199951171875,1721.300048828125,1732.199951171875,33.0,0.0,0.0
2021-03-27,1718.2333577473958,1725.4999593098958,1718.2333577473958,1725.4999593098958,45174.333333333336,0.0,0.0
2021-03-28,1715.1666666666667,1718.7999674479167,1715.1666666666667,1718.7999674479167,90315.66666666667,0.0,0.0
2021-03-29,1712.0999755859375,1712.0999755859375,1712.0999755859375,1712.0999755859375,135457.0,0.0,0.0
2021-03-30,1711.0,1712.5999755859375,1676.5,1683.9000244140625,25316.0,0.0,0.0
2021-03-31,1683.699951171875,1713.800048828125,1676.5,1713.800048828125,762.0,0.0,0.0
2021-04-01,1706.800048828125,1728.800048828125,1706.4000244140625,1726.5,720.0,0.0,0.0
2021-04-02,1712.0750427246094,1729.0250244140625,1710.2750244140625,1726.625,608.75,0.0,0.0
2021-04-03,1717.3500366210938,1729.25,1714.1500244140625,1726.75,497.5,0.0,0.0
2021-04-04,1722.6250305175781,1729.4749755859375,1718.0250244140625,1726.875,386.25,0.0,0.0
2021-04-05,1727.9000244140625,1729.699951171875,1721.9000244140625,1727.0,275.0,0.0,0.0
2021-04-06,1726.9000244140625,1744.800048828125,1726.9000244140625,1741.5,890.0,0.0,0.0
2021-04-07,1742.699951171875,1742.699951171875,1733.699951171875,1740.0999755859375,557.0,0.0,0.0
2021-04-08,1736.0,1758.0,1734.5999755859375,1756.800048828125,1298.0,0.0,0.0
2021-04-09,1750.800048828125,1750.800048828125,1733.300048828125,1743.300048828125,484.0,0.0,0.0
2021-04-10,1747.4667154947917,1747.4667154947917,1731.1000162760417,1739.2666829427083,336.0,0.0,0.0
2021-04-11,1744.1333821614583,1744.1333821614583,1728.8999837239583,1735.2333170572917,188.0,0.0,0.0
2021-04-12,1740.800048828125,1740.800048828125,1726.699951171875,1731.199951171875,40.0,0.0,0.0
2021-04-13,1733.800048828125,1746.9000244140625,1722.0999755859375,1746.199951171875,367.0,0.0,0.0
2021-04-14,1741.300048828125,1745.9000244140625,1732.699951171875,1734.9000244140625,1037.0,0.0,0.0
2021-04-15,1740.0999755859375,1767.9000244140625,1740.0999755859375,1765.4000244140625,368.0,0.0,0.0
2021-04-16,1770.4000244140625,1779.5,1770.0999755859375,1779.0,625.0,0.0,0.0
2021-04-17,1774.3000081380208,1782.5,1769.8666585286458,1775.8000081380208,464.66666666666663,0.0,0.0
2021-04-18,1778.1999918619792,1785.5,1769.6333414713542,1772.6000162760417,304.3333333333333,0.0,0.0
2021-04-19,1782.0999755859375,1788.5,1769.4000244140625,1769.4000244140625,144.0,0.0,0.0
2021-04-20,1769.300048828125,1777.300048828125,1765.5,1777.300048828125,1464.0,0.0,0.0
2021-04-21,1783.0,1794.0999755859375,1777.699951171875,1792.300048828125,250.0,0.0,0.0
2021-04-22,1794.199951171875,1794.199951171875,1779.5,1781.199951171875,159.0,0.0,0.0
2021-04-23,1786.0999755859375,1794.5,1772.0,1777.0,332.0,0.0,0.0
2021-04-24,1783.3999837239583,1789.566650390625,1771.6000162760417,1777.7333170572917,404.3333333333333,0.0,0.0
2021-04-25,1780.6999918619792,1784.63330078125,1771.2000325520833,1778.4666341145833,476.66666666666663,0.0,0.0
2021-04-26,1778.0,1779.699951171875,1770.800048828125,1779.199951171875,549.0,0.0,0.0
2021-04-27,1780.0,1782.0,1777.699951171875,1778.0,117.0,0.0,0.0
2021-04-28,1768.199951171875,1774.0,1764.5999755859375,1773.199951171875,756.0,0.0,0.0
2021-04-29,1781.0,1789.0,1758.5999755859375,1768.0999755859375,196.0,0.0,0.0
2021-04-30,1771.800048828125,1771.800048828125,1763.9000244140625,1767.300048828125,18.0,0.0,0.0
2021-05-01,1777.36669921875,1778.86669921875,1772.1000162760417,1775.3333740234375,18.0,0.0,0.0
2021-05-02,1782.933349609375,1785.933349609375,1780.3000081380208,1783.36669921875,18.0,0.0,0.0
2021-05-03,1788.5,1793.0,1788.5,1791.4000244140625,18.0,0.0,0.0
2021-05-04,1788.199951171875,1788.5,1774.800048828125,1775.800048828125,182.0,0.0,0.0
2021-05-05,1781.5,1784.0999755859375,1779.199951171875,1784.0999755859375,57.0,0.0,0.0
2021-05-06,1788.9000244140625,1815.5,1787.5999755859375,1815.5,13.0,0.0,0.0
2021-05-07,1842.9000244140625,1842.9000244140625,1831.0999755859375,1831.0999755859375,2.0,0.0,0.0
2021-05-08,1840.4666748046875,1843.8000081380208,1832.5333251953125,1833.2333170572917,5.666666666666666,0.0,0.0
2021-05-09,1838.0333251953125,1844.6999918619792,1833.9666748046875,1835.3666585286458,9.333333333333332,0.0,0.0
2021-05-10,1835.5999755859375,1845.5999755859375,1835.4000244140625,1837.5,13.0,0.0,0.0
2021-05-11,1837.199951171875,1838.0999755859375,1831.5999755859375,1835.9000244140625,420.0,0.0,0.0
2021-05-12,1825.199951171875,1825.199951171875,1821.699951171875,1822.5999755859375,3.0,0.0,0.0
2021-05-13,1814.699951171875,1826.800048828125,1814.0999755859375,1823.800048828125,100.0,0.0,0.0
2021-05-14,1824.5,1842.9000244140625,1824.5,1837.9000244140625,41.0,0.0,0.0
2021-05-15,1832.9666748046875,1851.1000162760417,1832.066650390625,1847.7666829427083,31.666666666666664,0.0,0.0
2021-05-16,1841.433349609375,1859.3000081380208,1839.63330078125,1857.6333414713542,22.333333333333332,0.0,0.0
2021-05-17,1849.9000244140625,1867.5,1847.199951171875,1867.5,13.0,0.0,0.0
2021-05-18,1870.5,1870.5,1867.800048828125,1867.800048828125,3.0,0.0,0.0
2021-05-19,1866.4000244140625,1884.9000244140625,1863.5999755859375,1881.300048828125,348.0,0.0,0.0
2021-05-20,1865.5,1885.0,1864.800048828125,1881.800048828125,85.0,0.0,0.0
2021-05-21,1872.0999755859375,1876.699951171875,1872.0999755859375,1876.699951171875,5.0,0.0,0.0
2021-05-22,1875.4333089192708,1879.3332926432292,1875.4333089192708,1879.3332926432292,16.333333333333336,0.0,0.0
2021-05-23,1878.7666422526042,1881.9666341145833,1878.7666422526042,1881.9666341145833,27.666666666666668,0.0,0.0
2021-05-24,1882.0999755859375,1884.5999755859375,1882.0999755859375,1884.5999755859375,39.0,0.0,0.0
2021-05-25,1882.5,1898.0999755859375,1882.5,1898.0999755859375,56.0,0.0,0.0
2021-05-26,1901.300048828125,1901.300048828125,1901.300048828125,1901.300048828125,170526.0,0.0,0.0
2021-05-27,1896.800048828125,1903.9000244140625,1888.199951171875,1895.699951171875,35794.0,0.0,0.0
2021-05-28,1897.5,1905.4000244140625,1881.9000244140625,1902.5,2415.0,0.0,0.0
2021-05-29,1899.3999938964844,1908.1000061035156,1884.6250305175781,1902.6000061035156,1971.25,0.0,0.0
2021-05-30,1901.2999877929688,1910.7999877929688,1887.3500366210938,1902.7000122070312,1527.5,0.0,0.0
2021-05-31,1903.1999816894531,1913.4999694824219,1890.0750427246094,1902.8000183105469,1083.75,0.0,0.0
2021-06-01,1905.0999755859375,1916.199951171875,1892.800048828125,1902.9000244140625,640.0,0.0,0.0
2021-06-02,1899.199951171875,1908.800048828125,1896.0,1907.5,1267.0,0.0,0.0
2021-06-03,1908.800048828125,1908.800048828125,1865.0,1871.199951171875,1021.0,0.0,0.0
2021-06-04,1869.300048828125,1895.5,1854.0,1889.800048828125,367.0,0.0,0.0
2021-06-05,1876.36669921875,1896.8999837239583,1863.7333170572917,1892.1333821614583,273.6666666666667,0.0,0.0
2021-06-06,1883.433349609375,1898.2999674479167,1873.4666341145833,1894.4667154947917,180.33333333333334,0.0,0.0
2021-06-07,1890.5,1899.699951171875,1883.199951171875,1896.800048828125,87.0,0.0,0.0
2021-06-08,1896.5,1902.9000244140625,1890.0,1892.199951171875,930.0,0.0,0.0
2021-06-09,1894.9000244140625,1897.699951171875,1889.199951171875,1893.199951171875,148.0,0.0,0.0
2021-06-10,1887.699951171875,1899.800048828125,1871.5,1894.199951171875,186.0,0.0,0.0
2021-06-11,1900.9000244140625,1902.300048828125,1875.199951171875,1877.4000244140625,349.0,0.0,0.0
2021-06-12,1889.3333333333333,1890.4000244140625,1865.63330078125,1872.933349609375,246.33333333333331,0.0,0.0
2021-06-13,1877.7666422526042,1878.5,1856.066650390625,1868.4666748046875,143.66666666666666,0.0,0.0
2021-06-14,1866.199951171875,1866.5999755859375,1846.5,1864.0,41.0,0.0,0.0
2021-06-15,1866.4000244140625,1867.199951171875,1854.4000244140625,1854.5,78.0,0.0,0.0
2021-06-16,1859.4000244140625,1860.0999755859375,1809.199951171875,1859.5,117.0,0.0,0.0
2021-06-17,1811.800048828125,1823.300048828125,1769.5999755859375,1773.800048828125,1135.0,0.0,0.0
2021-06-18,1775.699951171875,1792.4000244140625,1767.9000244140625,1767.9000244140625,354.0,0.0,0.0
2021-06-19,1773.3999837239583,1790.0,1767.5333658854167,1772.5333658854167,248.66666666666669,0.0,0.0
2021-06-20,1771.1000162760417,1787.5999755859375,1767.1667073567708,1777.1667073567708,143.33333333333334,0.0,0.0
2021-06-21,1768.800048828125,1785.199951171875,1766.800048828125,1781.800048828125,38.0,0.0,0.0
2021-06-22,1783.4000244140625,1786.9000244140625,1775.9000244140625,1776.300048828125,101.0,0.0,0.0
2021-06-23,1780.699951171875,1793.199951171875,1780.5999755859375,1782.300048828125,136.0,0.0,0.0
2021-06-24,1778.9000244140625,1786.4000244140625,1775.5999755859375,1775.5999755859375,78.0,0.0,0.0
2021-06-25,1777.699951171875,1788.0,1775.199951171875,1776.5999755859375,35.0,0.0,0.0
2021-06-26,1778.3332926432292,1785.1999918619792,1776.6666259765625,1777.5999755859375,319.3333333333333,0.0,0.0
2021-06-27,1778.9666341145833,1782.3999837239583,1778.13330078125,1778.5999755859375,603.6666666666666,0.0,0.0
2021-06-28,1779.5999755859375,1779.5999755859375,1779.5999755859375,1779.5999755859375,888.0,0.0,0.0
2021-06-29,1776.800048828125,1777.0999755859375,1752.0999755859375,1762.800048828125,419.0,0.0,0.0
2021-06-30,1761.0999755859375,1770.800048828125,1759.199951171875,1770.800048828125,51.0,0.0,0.0
2021-07-01,1775.699951171875,1781.199951171875,1768.800048828125,1775.9000244140625,44.0,0.0,0.0
2021-07-02,1778.699951171875,1787.9000244140625,1778.300048828125,1782.5999755859375,23.0,0.0,0.0
2021-07-03,1780.699951171875,1793.3750305175781,1780.4000244140625,1785.3249816894531,100.25,0.0,0.0
2021-07-04,1782.699951171875,1798.8500366210938,1782.5,1788.0499877929688,177.5,0.0,0.0
2021-07-05,1784.699951171875,1804.3250427246094,1784.5999755859375,1790.7749938964844,254.75,0.0,0.0
2021-07-06,1786.699951171875,1809.800048828125,1786.699951171875,1793.5,332.0,0.0,0.0
2021-07-07,1798.699951171875,1808.4000244140625,1797.199951171875,1801.5,244.0,0.0,0.0
2021-07-08,1797.0,1818.5,1797.0,1799.5999755859375,148.0,0.0,0.0
2021-07-09,1803.5999755859375,1810.0999755859375,1798.800048828125,1810.0,218.0,0.0,0.0
2021-07-10,1803.2666422526042,1808.566650390625,1799.0333658854167,1808.5,194.33333333333334,0.0,0.0
2021-07-11,1802.9333089192708,1807.0333251953125,1799.2666829427083,1807.0,170.66666666666666,0.0,0.0
2021-07-12,1802.5999755859375,1805.5,1799.5,1805.5,147.0,0.0,0.0
2021-07-13,1808.0999755859375,1812.0,1800.5999755859375,1809.4000244140625,78.0,0.0,0.0
2021-07-14,1813.0999755859375,1829.0,1813.0999755859375,1824.300048828125,707.0,0.0,0.0
2021-07-15,1831.5999755859375,1833.0,1823.4000244140625,1828.4000244140625,99.0,0.0,0.0
2021-07-16,1830.0999755859375,1831.4000244140625,1814.5,1814.5,78.0,0.0,0.0
2021-07-17,1821.1666666666667,1825.4000244140625,1810.7666829427083,1812.566650390625,63.0,0.0,0.0
2021-07-18,1812.2333577473958,1819.4000244140625,1807.0333658854167,1810.63330078125,48.0,0.0,0.0
2021-07-19,1803.300048828125,1813.4000244140625,1803.300048828125,1808.699951171875,33.0,0.0,0.0
2021-07-20,1812.9000244140625,1824.0,1810.9000244140625,1810.9000244140625,128.0,0.0,0.0
2021-07-21,1807.0,1807.0,1800.0,1802.9000244140625,135.0,0.0,0.0
2021-07-22,1793.5999755859375,1805.0,1793.5999755859375,1805.0,2.0,0.0,0.0
2021-07-23,1800.0,1801.4000244140625,1800.0,1801.4000244140625,1.0,0.0,0.0
2021-07-24,1800.8333333333333,1801.7666829427083,1799.066650390625,1800.5,6.333333333333333,0.0,0.0
2021-07-25,1801.6666666666667,1802.1333414713542,1798.13330078125,1799.5999755859375,11.666666666666666,0.0,0.0
2021-07-26,1802.5,1802.5,1797.199951171875,1798.699951171875,17.0,0.0,0.0
2021-07-27,1803.699951171875,1803.699951171875,1799.5,1799.5,1.0,0.0,0.0
2021-07-28,1799.5,1799.5,1799.5,1799.5,209783.0,0.0,0.0
2021-07-29,1806.5999755859375,1832.5999755859375,1806.0999755859375,1831.199951171875,30496.0,0.0,0.0
2021-07-30,1828.0,1830.5,1808.9000244140625,1812.5999755859375,3100.0,0.0,0.0
2021-07-31,1822.8000081380208,1826.566650390625,1807.5333658854167,1814.4333089192708,2511.3333333333335,0.0,0.0
2021-08-01,1817.6000162760417,1822.63330078125,1806.1667073567708,1816.2666422526042,1922.6666666666667,0.0,0.0
2021-08-02,1812.4000244140625,1818.699951171875,1804.800048828125,1818.0999755859375,1334.0,0.0,0.0
2021-08-03,1812.300048828125,1813.5,1806.0,1810.0999755859375,3341.0,0.0,0.0
2021-08-04,1809.300048828125,1831.300048828125,1806.300048828125,1810.5,2860.0,0.0,0.0
2021-08-05,1810.800048828125,1813.699951171875,1796.0,1805.0999755859375,588.0,0.0,0.0
2021-08-06,1799.800048828125,1800.0999755859375,1758.4000244140625,1760.0,859.0,0.0,0.0
2021-08-07,1784.36669921875,1784.6666666666667,1736.4666748046875,1747.8000081380208,1113.0,0.0,0.0
2021-08-08,1768.933349609375,1769.2333577473958,1714.5333251953125,1735.6000162760417,1367.0,0.0,0.0
2021-08-09,1753.5,1753.800048828125,1692.5999755859375,1723.4000244140625,1621.0,0.0,0.0
2021-08-10,1728.5999755859375,1735.199951171875,1720.0999755859375,1728.800048828125,1363.0,0.0,0.0
2021-08-11,1727.300048828125,1752.199951171875,1727.300048828125,1750.4000244140625,542.0,0.0,0.0
2021-08-12,1749.699951171875,1752.4000244140625,1745.5,1749.0,739.0,0.0,0.0
2021-08-13,1758.300048828125,1777.300048828125,1757.4000244140625,1775.199951171875,436.0,0.0,0.0
2021-08-14,1764.5000406901042,1780.800048828125,1762.2333577473958,1779.0999755859375,363.6666666666667,0.0,0.0
2021-08-15,1770.7000325520833,1784.300048828125,1767.0666910807292,1783.0,291.33333333333337,0.0,0.0
2021-08-16,1776.9000244140625,1787.800048828125,1771.9000244140625,1786.9000244140625,219.0,0.0,0.0
2021-08-17,1787.699951171875,1794.199951171875,1780.0,1785.0,200.0,0.0,0.0
2021-08-18,1787.800048828125,1791.5,1779.0,1781.5999755859375,263.0,0.0,0.0
2021-08-19,1780.0,1789.300048828125,1775.5,1780.199951171875,245.0,0.0,0.0
2021-08-20,1784.0999755859375,1787.5,1778.199951171875,1781.0,235.0,0.0,0.0
2021-08-21,1781.6666666666667,1793.2666829427083,1777.7333170572917,1788.3999837239583,167.33333333333331,0.0,0.0
2021-08-22,1779.2333577473958,1799.0333658854167,1777.2666829427083,1795.7999674479167,99.66666666666666,0.0,0.0
2021-08-23,1776.800048828125,1804.800048828125,1776.800048828125,1803.199951171875,32.0,0.0,0.0
2021-08-24,1801.0,1805.5999755859375,1801.0,1805.5999755859375,22.0,0.0,0.0
2021-08-25,1792.0,1792.9000244140625,1784.0,1788.199951171875,812.0,0.0,0.0
2021-08-26,1787.4000244140625,1792.199951171875,1781.0,1792.199951171875,61.0,0.0,0.0
2021-08-27,1803.4000244140625,1816.5999755859375,1803.0999755859375,1816.5999755859375,1219.0,0.0,0.0
2021-08-28,1808.3333333333333,1817.8333333333333,1804.6666666666667,1814.066650390625,1040.6666666666667,0.0,0.0
2021-08-29,1813.2666422526042,1819.0666910807292,1806.2333577473958,1811.5333251953125,862.3333333333333,0.0,0.0
2021-08-30,1818.199951171875,1820.300048828125,1807.800048828125,1809.0,684.0,0.0,0.0
2021-08-31,1815.9000244140625,1815.9000244140625,1801.0999755859375,1815.0,82.0,0.0,0.0
2021-09-01,1813.5,1815.9000244140625,1809.5,1813.0999755859375,114.0,0.0,0.0
2021-09-02,1813.199951171875,1813.9000244140625,1806.800048828125,1808.699951171875,26.0,0.0,0.0
2021-09-03,1820.9000244140625,1833.9000244140625,1818.9000244140625,1830.9000244140625,53.0,0.0,0.0
2021-09-04,1822.1000061035156,1831.8500061035156,1812.3500061035156,1822.1500244140625,51.75,0.0,0.0
2021-09-05,1823.2999877929688,1829.7999877929688,1805.7999877929688,1813.4000244140625,50.5,0.0,0.0
2021-09-06,1824.4999694824219,1827.7499694824219,1799.2499694824219,1804.6500244140625,49.25,0.0,0.0
2021-09-07,1825.699951171875,1825.699951171875,1792.699951171875,1795.9000244140625,48.0,0.0,0.0
2021-09-08,1781.699951171875,1790.699951171875,1781.699951171875,1790.699951171875,69.0,0.0,0.0
2021-09-09,1798.699951171875,1798.699951171875,1787.9000244140625,1797.4000244140625,49.0,0.0,0.0
2021-09-10,1789.5999755859375,1789.5999755859375,1789.5999755859375,1789.5999755859375,0.0,0.0,0.0
2021-09-11,1789.6666666666667,1791.7333170572917,1787.7333170572917,1790.3999837239583,177.66666666666666,0.0,0.0
2021-09-12,1789.7333577473958,1793.8666585286458,1785.8666585286458,1791.1999918619792,355.3333333333333,0.0,0.0
2021-09-13,1789.800048828125,1796.0,1784.0,1792.0,533.0,0.0,0.0
2021-09-14,1791.4000244140625,1806.199951171875,1783.0,1804.699951171875,764.0,0.0,0.0
2021-09-15,1803.699951171875,1803.699951171875,1792.4000244140625,1792.4000244140625,59.0,0.0,0.0
2021-09-16,1792.9000244140625,1792.9000244140625,1743.9000244140625,1754.5999755859375,1645.0,0.0,0.0
2021-09-17,1758.800048828125,1763.0,1749.4000244140625,1749.4000244140625,581.0,0.0,0.0
2021-09-18,1756.4667154947917,1762.6000162760417,1749.9000244140625,1753.5333658854167,449.0,0.0,0.0
2021-09-19,1754.1333821614583,1762.2000325520833,1750.4000244140625,1757.6667073567708,317.0,0.0,0.0
2021-09-20,1751.800048828125,1761.800048828125,1750.9000244140625,1761.800048828125,185.0,0.0,0.0
2021-09-21,1762.199951171875,1776.0,1759.0,1776.0,106.0,0.0,0.0
2021-09-22,1776.699951171875,1784.300048828125,1767.0,1776.699951171875,17.0,0.0,0.0
2021-09-23,1766.800048828125,1766.800048828125,1738.199951171875,1747.699951171875,31.0,0.0,0.0
2021-09-24,1749.699951171875,1749.699951171875,1745.0,1749.699951171875,76.0,0.0,0.0
2021-09-25,1750.3666178385417,1751.2666422526042,1745.8333333333333,1749.7999674479167,320.0,0.0,0.0
2021-09-26,1751.0332845052083,1752.8333333333333,1746.6666666666667,1749.8999837239583,564.0,0.0,0.0
2021-09-27,1751.699951171875,1754.4000244140625,1747.5,1750.0,808.0,0.0,0.0
2021-09-28,1739.5999755859375,1741.699951171875,1726.800048828125,1735.800048828125,15748.0,0.0,0.0
2021-09-29,1732.4000244140625,1744.0999755859375,1721.4000244140625,1721.5,6634.0,0.0,0.0
2021-09-30,1725.5,1760.300048828125,1724.5,1755.300048828125,997.0,0.0,0.0
2021-10-01,1754.300048828125,1762.5999755859375,1748.5,1757.0,2220.0,0.0,0.0
2021-10-02,1757.7000325520833,1764.6999918619792,1748.8333333333333,1760.066650390625,1619.0,0.0,0.0
2021-10-03,1761.1000162760417,1766.8000081380208,1749.1666666666667,1763.13330078125,1018.0,0.0,0.0
2021-10-04,1764.5,1768.9000244140625,1749.5,1766.199951171875,417.0,0.0,0.0
2021-10-05,1764.300048828125,1764.300048828125,1749.0,1759.5999755859375,98.0,0.0,0.0
2021-10-06,1759.300048828125,1762.9000244140625,1744.699951171875,1760.5,56.0,0.0,0.0
2021-10-07,1762.4000244140625,1762.4000244140625,1752.800048828125,1757.9000244140625,336.0,0.0,0.0
2021-10-08,1757.0,1780.0,1754.199951171875,1756.300048828125,254.0,0.0,0.0
2021-10-09,1756.8666585286458,1772.6000162760417,1753.5332845052083,1755.7333577473958,212.0,0.0,0.0
2021-10-10,1756.7333170572917,1765.2000325520833,1752.8666178385417,1755.1666666666667,170.0,0.0,0.0
2021-10-11,1756.5999755859375,1757.800048828125,1752.199951171875,1754.5999755859375,128.0,0.0,0.0
2021-10-12,1751.9000244140625,1768.0,1749.800048828125,1758.300048828125,139.0,0.0,0.0
2021-10-13,1760.800048828125,1794.5,1760.800048828125,1793.699951171875,150.0,0.0,0.0
2021-10-14,1792.199951171875,1799.9000244140625,1792.0,1796.699951171875,337.0,0.0,0.0
2021-10-15,1794.5,1795.4000244140625,1766.5999755859375,1767.199951171875,874.0,0.0,0.0
2021-10-16,1783.5333251953125,1786.9666748046875,1764.2333170572917,1766.3999837239583,671.3333333333334,0.0,0.0
2021-10-17,1772.566650390625,1778.5333251953125,1761.8666585286458,1765.6000162760417,468.6666666666667,0.0,0.0
2021-10-18,1761.5999755859375,1770.0999755859375,1759.5,1764.800048828125,266.0,0.0,0.0
2021-10-19,1777.5999755859375,1785.0,1767.5,1769.699951171875,51.0,0.0,0.0
2021-10-20,1774.5999755859375,1785.5999755859375,1774.0,1784.0999755859375,127.0,0.0,0.0
2021-10-21,1782.0,1785.699951171875,1781.0,1781.199951171875,146.0,0.0,0.0
2021-10-22,1787.0999755859375,1806.9000244140625,1784.0,1795.5,532.0,0.0,0.0
2021-10-23,1789.5,1807.6000162760417,1787.3333333333333,1799.0,401.33333333333337,0.0,0.0
2021-10-24,1791.9000244140625,1808.3000081380208,1790.6666666666667,1802.5,270.6666666666667,0.0,0.0
2021-10-25,1794.300048828125,1809.0,1794.0,1806.0,140.0,0.0,0.0
2021-10-26,1808.800048828125,1808.800048828125,1788.5999755859375,1792.699951171875,359.0,0.0,0.0
2021-10-27,1791.5,1798.0999755859375,1791.5,1797.9000244140625,543.0,0.0,0.0
2021-10-28,1795.5,1807.300048828125,1795.5,1801.5999755859375,452.0,0.0,0.0
2021-10-29,1793.0999755859375,1797.0,1774.5999755859375,1783.0,583.0,0.0,0.0
2021-10-30,1791.2333170572917,1796.3666585286458,1778.63330078125,1787.0333251953125,436.0,0.0,0.0
2021-10-31,1789.3666585286458,1795.7333170572917,1782.6666259765625,1791.066650390625,289.0,0.0,0.0
2021-11-01,1787.5,1795.0999755859375,1786.699951171875,1795.0999755859375,142.0,0.0,0.0
2021-11-02,1790.5,1795.5,1787.699951171875,1788.699951171875,213.0,0.0,0.0
2021-11-03,1768.0,1768.0,1761.800048828125,1763.5999755859375,108.0,0.0,0.0
2021-11-04,1776.5999755859375,1798.199951171875,1776.199951171875,1793.0,103.0,0.0,0.0
2021-11-05,1794.9000244140625,1817.0999755859375,1794.9000244140625,1816.4000244140625,239.0,0.0,0.0
2021-11-06,1802.2666829427083,1820.5333251953125,1802.2333577473958,1820.0666910807292,246.33333333333334,0.0,0.0
2021-11-07,1809.6333414713542,1823.9666748046875,1809.5666910807292,1823.7333577473958,253.66666666666666,0.0,0.0
2021-11-08,1817.0,1827.4000244140625,1816.9000244140625,1827.4000244140625,261.0,0.0,0.0
2021-11-09,1826.0999755859375,1832.699951171875,1820.699951171875,1830.199951171875,170.0,0.0,0.0
2021-11-10,1825.800048828125,1865.0,1824.9000244140625,1847.5999755859375,795.0,0.0,0.0
2021-11-11,1853.9000244140625,1866.5,1853.9000244140625,1863.199951171875,292.0,0.0,0.0
2021-11-12,1860.800048828125,1867.9000244140625,1847.5999755859375,1867.9000244140625,210.0,0.0,0.0
2021-11-13,1862.0333658854167,1867.5666910807292,1853.2333170572917,1867.3000081380208,169.0,0.0,0.0
2021-11-14,1863.2666829427083,1867.2333577473958,1858.8666585286458,1866.6999918619792,128.0,0.0,0.0
2021-11-15,1864.5,1866.9000244140625,1864.5,1866.0999755859375,87.0,0.0,0.0
2021-11-16,1853.5999755859375,1853.5999755859375,1853.5999755859375,1853.5999755859375,1.0,0.0,0.0
2021-11-17,1862.5999755859375,1869.699951171875,1862.5999755859375,1869.699951171875,2.0,0.0,0.0
2021-11-18,1861.0,1861.0,1861.0,1861.0,9.0,0.0,0.0
2021-11-19,1851.199951171875,1851.199951171875,1851.199951171875,1851.199951171875,21.0,0.0,0.0
2021-11-20,1847.9999593098958,1847.9999593098958,1836.0332845052083,1836.13330078125,18.666666666666668,0.0,0.0
2021-11-21,1844.7999674479167,1844.7999674479167,1820.8666178385417,1821.066650390625,16.333333333333332,0.0,0.0
2021-11-22,1841.5999755859375,1841.5999755859375,1805.699951171875,1806.0,14.0,0.0,0.0
2021-11-23,1795.5,1795.5,1783.5,1783.5,264.0,0.0,0.0
2021-11-24,1793.0,1793.0,1781.4000244140625,1784.0999755859375,188.0,0.0,0.0
2021-11-25,1791.0999755859375,1791.4000244140625,1791.0999755859375,1791.4000244140625,188.0,0.0,0.0
2021-11-26,1791.0999755859375,1791.4000244140625,1785.300048828125,1785.300048828125,186800.0,0.0,0.0
2021-11-27,1791.2999674479167,1793.9000244140625,1783.2333577473958,1784.300048828125,133508.66666666666,0.0,0.0
2021-11-28,1791.4999593098958,1796.4000244140625,1781.1666666666667,1783.300048828125,80217.33333333333,0.0,0.0
2021-11-29,1791.699951171875,1798.9000244140625,1779.0999755859375,1782.300048828125,26926.0,0.0,0.0
2021-11-30,1783.9000244140625,1808.0999755859375,1768.699951171875,1773.5999755859375,4903.0,0.0,0.0
2021-12-01,1774.800048828125,1790.5,1772.300048828125,1781.5999755859375,1128.0,0.0,0.0
2021-12-02,1780.9000244140625,1780.9000244140625,1760.5999755859375,1760.699951171875,1557.0,0.0,0.0
2021-12-03,1767.5,1785.0999755859375,1766.5,1782.0,694.0,0.0,0.0
2021-12-04,1771.7333170572917,1784.3999837239583,1770.066650390625,1780.5,589.6666666666666,0.0,0.0
2021-12-05,1775.9666341145833,1783.6999918619792,1773.63330078125,1779.0,485.33333333333337,0.0,0.0
2021-12-06,1780.199951171875,1783.0,1777.199951171875,1777.5,381.0,0.0,0.0
2021-12-07,1779.5,1786.0999755859375,1772.300048828125,1782.5999755859375,308.0,0.0,0.0
2021-12-08,1789.9000244140625,1789.9000244140625,1779.0,1783.4000244140625,1383.0,0.0,0.0
2021-12-09,1783.5,1783.5,1771.800048828125,1774.5999755859375,455.0,0.0,0.0
2021-12-10,1773.800048828125,1785.4000244140625,1769.0999755859375,1782.9000244140625,545.0,0.0,0.0
2021-12-11,1777.3333740234375,1785.9666748046875,1774.0,1784.0333658854167,432.0,0.0,0.0
2021-12-12,1780.86669921875,1786.5333251953125,1778.9000244140625,1785.1667073567708,319.0,0.0,0.0
2021-12-13,1784.4000244140625,1787.0999755859375,1783.800048828125,1786.300048828125,206.0,0.0,0.0
2021-12-14,1787.0,1787.0,1769.0,1770.4000244140625,322.0,0.0,0.0
2021-12-15,1767.4000244140625,1778.699951171875,1753.9000244140625,1762.5999755859375,283.0,0.0,0.0
2021-12-16,1781.0,1798.0999755859375,1781.0,1796.5999755859375,21.0,0.0,0.0
2021-12-17,1804.0,1812.9000244140625,1803.800048828125,1803.800048828125,654.0,0.0,0.0
2021-12-18,1801.6000162760417,1808.5333658854167,1799.86669921875,1800.433349609375,511.33333333333337,0.0,0.0
2021-12-19,1799.2000325520833,1804.1667073567708,1795.933349609375,1797.066650390625,368.6666666666667,0.0,0.0
2021-12-20,1796.800048828125,1799.800048828125,1792.0,1793.699951171875,226.0,0.0,0.0
2021-12-21,1791.4000244140625,1796.5,1787.9000244140625,1787.9000244140625,575.0,0.0,0.0
2021-12-22,1786.0,1805.199951171875,1785.5,1801.5999755859375,567.0,0.0,0.0
2021-12-23,1806.0,1811.199951171875,1800.800048828125,1811.199951171875,193.0,0.0,0.0
2021-12-24,1807.0,1811.4249572753906,1802.3500366210938,1810.4249572753906,182.25,0.0,0.0
2021-12-25,1808.0,1811.6499633789062,1803.9000244140625,1809.6499633789062,171.5,0.0,0.0
2021-12-26,1809.0,1811.8749694824219,1805.4500122070312,1808.8749694824219,160.75,0.0,0.0
2021-12-27,1810.0,1812.0999755859375,1807.0,1808.0999755859375,150.0,0.0,0.0
2021-12-28,1812.0,1818.0,1805.5,1810.199951171875,146.0,0.0,0.0
2021-12-29,1803.199951171875,1805.0999755859375,1791.4000244140625,1805.0999755859375,623.0,0.0,0.0
2021-12-30,1801.699951171875,1816.0,1796.0,1812.699951171875,306.0,0.0,0.0
2021-12-31,1825.0999755859375,1827.800048828125,1821.4000244140625,1827.5,80.0,0.0,0.0
2022-01-01,1826.7666422526042,1828.5666910807292,1813.86669921875,1818.1333414713542,92.0,0.0,0.0
2022-01-02,1828.4333089192708,1829.3333333333333,1806.3333740234375,1808.7666829427083,104.0,0.0,0.0
2022-01-03,1830.0999755859375,1830.0999755859375,1798.800048828125,1799.4000244140625,116.0,0.0,0.0
2022-01-04,1800.5,1815.300048828125,1800.0,1814.0,38.0,0.0,0.0
2022-01-05,1813.0999755859375,1824.5999755859375,1813.0999755859375,1824.5999755859375,8.0,0.0,0.0
2022-01-06,1787.0999755859375,1791.300048828125,1787.0999755859375,1788.699951171875,30.0,0.0,0.0
2022-01-07,1791.800048828125,1797.0,1784.4000244140625,1797.0,17.0,0.0,0.0
2022-01-08,1792.8333740234375,1797.566650390625,1786.4000244140625,1797.4666748046875,189.33333333333334,0.0,0.0
2022-01-09,1793.86669921875,1798.13330078125,1788.4000244140625,1797.933349609375,361.6666666666667,0.0,0.0
2022-01-10,1794.9000244140625,1798.699951171875,1790.4000244140625,1798.4000244140625,534.0,0.0,0.0
2022-01-11,1803.9000244140625,1822.5,1803.0,1818.5999755859375,743.0,0.0,0.0
2022-01-12,1819.0,1827.199951171875,1816.9000244140625,1827.199951171875,1547.0,0.0,0.0
2022-01-13,1819.800048828125,1823.0,1815.4000244140625,1821.199951171875,40.0,0.0,0.0
2022-01-14,1821.5,1822.0,1816.5,1816.5,816.0,0.0,0.0
2022-01-15,1820.3250122070312,1821.5249938964844,1815.4500122070312,1815.4500122070312,837.0,0.0,0.0
2022-01-16,1819.1500244140625,1821.0499877929688,1814.4000244140625,1814.4000244140625,858.0,0.0,0.0
2022-01-17,1817.9750366210938,1820.5749816894531,1813.3500366210938,1813.3500366210938,879.0,0.0,0.0
2022-01-18,1816.800048828125,1820.0999755859375,1812.300048828125,1812.300048828125,900.0,0.0,0.0
2022-01-19,1817.4000244140625,1843.0999755859375,1817.4000244140625,1843.0999755859375,4.0,0.0,0.0
2022-01-20,1840.5999755859375,1843.0,1838.199951171875,1842.5,20.0,0.0,0.0
2022-01-21,1838.0,1842.4000244140625,1828.9000244140625,1831.800048828125,19.0,0.0,0.0
2022-01-22,1837.9666748046875,1842.3000081380208,1831.9000244140625,1835.1000162760417,15.333333333333334,0.0,0.0
2022-01-23,1837.933349609375,1842.1999918619792,1834.9000244140625,1838.3999837239583,11.666666666666668,0.0,0.0
2022-01-24,1837.9000244140625,1842.0999755859375,1837.9000244140625,1841.699951171875,8.0,0.0,0.0
2022-01-25,1843.0,1852.699951171875,1842.0,1852.699951171875,11.0,0.0,0.0
2022-01-26,1829.9000244140625,1829.9000244140625,1829.9000244140625,1829.9000244140625,55.0,0.0,0.0
2022-01-27,1793.300048828125,1793.300048828125,1793.300048828125,1793.300048828125,196036.0,0.0,0.0
2022-01-28,1797.5,1798.4000244140625,1778.800048828125,1784.9000244140625,28521.0,0.0,0.0
2022-01-29,1794.5,1798.433349609375,1780.9000244140625,1788.2666829427083,19592.333333333336,0.0,0.0
2022-01-30,1791.5,1798.4666748046875,1783.0,1791.6333414713542,10663.666666666668,0.0,0.0
2022-01-31,1788.5,1798.5,1785.0999755859375,1795.0,1735.0,0.0,0.0
2022-02-01,1797.199951171875,1806.0999755859375,1797.0999755859375,1800.300048828125,223.0,0.0,0.0
2022-02-02,1797.800048828125,1810.0999755859375,1795.0999755859375,1809.199951171875,1690.0,0.0,0.0
2022-02-03,1805.800048828125,1808.0999755859375,1787.9000244140625,1803.0,466.0,0.0,0.0
2022-02-04,1806.0,1813.699951171875,1792.5,1806.5999755859375,571.0,0.0,0.0
2022-02-05,1808.066650390625,1816.2333170572917,1798.0333251953125,1811.2666422526042,581.0,0.0,0.0
2022-02-06,1810.13330078125,1818.7666829427083,1803.566650390625,1815.9333089192708,591.0,0.0,0.0
2022-02-07,1812.199951171875,1821.300048828125,1809.0999755859375,1820.5999755859375,601.0,0.0,0.0
2022-02-08,1818.9000244140625,1827.5999755859375,1815.0,1826.5999755859375,108.0,0.0,0.0
2022-02-09,1825.4000244140625,1835.199951171875,1825.300048828125,1835.199951171875,683.0,0.0,0.0
2022-02-10,1833.300048828125,1842.0999755859375,1820.800048828125,1836.199951171875,365.0,0.0,0.0
2022-02-11,1822.0,1864.800048828125,1822.0,1840.800048828125,181.0,0.0,0.0
2022-02-12,1835.2666829427083,1866.7333577473958,1832.8666585286458,1849.86669921875,147.0,0.0,0.0
2022-02-13,1848.5333658854167,1868.6666666666667,1843.7333170572917,1858.933349609375,113.0,0.0,0.0
2022-02-14,1861.800048828125,1870.5999755859375,1854.5999755859375,1868.0,79.0,0.0,0.0
2022-02-15,1872.5999755859375,1879.699951171875,1847.4000244140625,1854.800048828125,86.0,0.0,0.0
2022-02-16,1858.699951171875,1870.199951171875,1856.300048828125,1870.199951171875,34.0,0.0,0.0
2022-02-17,1876.300048828125,1900.699951171875,1876.199951171875,1900.699951171875,393.0,0.0,0.0
2022-02-18,1899.4000244140625,1899.4000244140625,1890.699951171875,1898.5999755859375,51.0,0.0,0.0
2022-02-19,1901.5750122070312,1902.5500183105469,1890.7249755859375,1900.4749755859375,81.5,0.0,0.0
2022-02-20,1903.75,1905.7000122070312,1890.75,1902.3499755859375,112.0,0.0,0.0
2022-02-21,1905.9249877929688,1908.8500061035156,1890.7750244140625,1904.2249755859375,142.5,0.0,0.0
2022-02-22,1908.0999755859375,1912.0,1890.800048828125,1906.0999755859375,173.0,0.0,0.0
2022-02-23,1896.5999755859375,1910.5999755859375,1895.699951171875,1909.199951171875,73.0,0.0,0.0
2022-02-24,1911.9000244140625,1972.5,1911.699951171875,1925.0999755859375,2706.0,0.0,0.0
2022-02-25,1906.9000244140625,1920.0,1883.5999755859375,1886.5,586.0,0.0,0.0
2022-02-26,1914.0333658854167,1922.8000081380208,1887.13330078125,1890.8000081380208,520.6666666666666,0.0,0.0
2022-02-27,1921.1667073567708,1925.6000162760417,1890.6666259765625,1895.1000162760417,455.33333333333337,0.0,0.0
2022-02-28,1928.300048828125,1928.4000244140625,1894.199951171875,1899.4000244140625,390.0,0.0,0.0
2022-03-01,1908.300048828125,1942.4000244140625,1903.800048828125,1942.4000244140625,547.0,0.0,0.0
2022-03-02,1945.5999755859375,1948.199951171875,1919.800048828125,1920.9000244140625,109.0,0.0,0.0
2022-03-03,1930.5,1940.300048828125,1924.800048828125,1934.4000244140625,122.0,0.0,0.0
2022-03-04,1937.0,1970.9000244140625,1935.5999755859375,1965.0999755859375,47.0,0.0,0.0
2022-03-05,1954.3333333333333,1980.9666748046875,1944.7333170572917,1974.6999918619792,870.0,0.0,0.0
2022-03-06,1971.6666666666667,1991.0333251953125,1953.8666585286458,1984.3000081380208,1693.0,0.0,0.0
2022-03-07,1989.0,2001.0999755859375,1963.0,1993.9000244140625,2516.0,0.0,0.0
2022-03-08,1999.4000244140625,2072.0,1998.0,2040.0999755859375,1813.0,0.0,0.0
2022-03-09,2053.60009765625,2063.0,1980.800048828125,1985.9000244140625,1022.0,0.0,0.0
2022-03-10,1978.0999755859375,2010.5,1978.0999755859375,1998.0999755859375,670.0,0.0,0.0
2022-03-11,1985.0,1996.0,1959.9000244140625,1982.699951171875,865.0,0.0,0.0
2022-03-12,1982.1666666666667,1989.8999837239583,1959.8000081380208,1974.9999593098958,625.0,0.0,0.0
2022-03-13,1979.3333333333333,1983.7999674479167,1959.6999918619792,1967.2999674479167,385.0,0.0,0.0
2022-03-14,1976.5,1977.699951171875,1959.5999755859375,1959.5999755859375,145.0,0.0,0.0
2022-03-15,1939.800048828125,1939.9000244140625,1910.699951171875,1928.5,71.0,0.0,0.0
2022-03-16,1922.4000244140625,1922.4000244140625,1907.199951171875,1908.0,104.0,0.0,0.0
2022-03-17,1933.9000244140625,1947.199951171875,1933.9000244140625,1942.0999755859375,39.0,0.0,0.0
2022-03-18,1934.5,1939.300048828125,1928.199951171875,1928.199951171875,39.0,0.0,0.0
